Workbook

Sheet summary
A1: 2023
A2: Student | B2: Mathematics | C2: Physics
A3: Alice | B3: ='grades-mathematics'!J3 -> 4 | C3: ='grades-physics'!D5 -> 5
A4: Bob | B4: ='grades-mathematics'!J4 -> 4.5 | C4: ='grades-physics'!D4 -> 4.375
A5: Charlie | B5: ='grades-mathematics'!J5 -> 5 | C5: ='grades-physics'!D3 -> 5.25
A7: 2024
A8: Student | B8: Mathematics | C8: Physics
A9: Alice | B9: ='grades-mathematics'!J10 -> 5.5 | C9: ='grades-physics'!I3 -> 5.25
A10: Carol | B10: ='grades-mathematics'!J11 -> 5 | C10: ='grades-physics'!I4 -> 5
A11: Dan | B11: ='grades-mathematics'!J12 -> 5 | C11: ='grades-physics'!I5 -> 4.675
A12: Rolf | B12: ='grades-mathematics'!J13 -> 4.5 | C12: ='grades-physics'!I6 -> 5.375
A13: Charlie | B13: ='grades-mathematics'!J14 -> 5 | C13: ='grades-physics'!I7 -> 5.2
A15: 2025
A16: Student | B16: Mathematics | C16: Physics
A17: Eve | B17: ='grades-mathematics'!J19 -> 5.5 | C17: ='grades-physics'!N3 -> 4.625
A18: Oscar | B18: ='grades-mathematics'!J20 -> 5.5 | C18: ='grades-physics'!N4 -> 5.2
A19: Zoe | B19: ='grades-mathematics'!J21 -> 4.5 | C19: ='grades-physics'!N5 -> 4.85
A20: Mallory | B20: ='grades-mathematics'!J22 -> 4 | C20: ='grades-physics'!N6 -> 4.75
A21: Grace | B21: ='grades-mathematics'!J23 -> 5 | C21: ='grades-physics'!N7 -> 4

Sheet grades-mathematics
A1: Mathematics | B1: 2023
A2: Student | B2: Midterm | C2: Endterm | D2: Project | E2: Final Exam | F2: solved HW’s | G2: Bonus | H2: Weighted Average | I2: Grade | J2: Rounded
A3: Alice | B3: 4 | C3: 3.5 | D3: 4 | E3: 3.75 | F3: 4 | G3: =IF(F3>=5, 0.25, 0) -> 0 | H3: =B3*0.2+C3*0.2+D3*0.1+E3*0.5 -> 3.775 | I3: =MAX(1, MIN(6, H3 + G3)) -> 3.775 | J3: =ROUND(2*I3,0)/2 -> 4
A4: Bob | B4: 5.25 | C4: 4.75 | D4: 5.5 | E4: 4 | F4: 4 | G4: =IF(F4>=5, 0.25, 0) -> 0 | H4: =B4*0.2+C4*0.2+D4*0.1+E4*0.5 -> 4.55 | I4: =MAX(1, MIN(6, H4 + G4)) -> 4.55 | J4: =ROUND(2*I4,0)/2 -> 4.5
A5: Charlie | B5: 4.25 | C5: 5 | D5: 6 | E5: 4.25 | F5: 5 | G5: =IF(F5>=5, 0.25, 0) -> 0.25 | H5: =B5*0.2+C5*0.2+D5*0.1+E5*0.5 -> 4.575 | I5: =MAX(1, MIN(6, H5 + G5)) -> 4.825 | J5: =ROUND(2*I5,0)/2 -> 5
A6: Average | B6: =AVERAGE(B3:B5) -> 4.5 | C6: =AVERAGE(C3:C5) -> 4.4166667 | D6: =AVERAGE(D3:D5) -> 5.1666667 | E6: =AVERAGE(E3:E5) -> 4 | F6: =AVERAGE(F3:F5) -> 4.3333333 | G6: =IF(F6>=5, 0.25, 0) -> 0 | H6: =B6*0.2+C6*0.2+D6*0.1+E6*0.5 -> 4.3 | I6: =MAX(1, MIN(6, H6 + G6)) -> 4.3 | J6: =ROUND(2*I6,0)/2 -> 4.5
A8: Mathematics | B8: 2024
A9: Student | B9: Midterm | C9: Endterm | D9: Project | E9: Final Exam | F9: solved HW’s | G9: Bonus | H9: Weighted Average | I9: Grade | J9: Rounded
A10: Alice | B10: 6 | C10: 5.25 | D10: 6 | E10: 4.5 | F10: 5 | G10: =IF(F10>=5, 0.25, 0) -> 0.25 | H10: =B10*0.2+C10*0.2+D10*0.1+E10*0.5 -> 5.1 | I10: =MAX(1, MIN(6, H10 + G10)) -> 5.35 | J10: =ROUND(2*I10,0)/2 -> 5.5
A11: Carol | B11: 5.3 | C11: 4.2 | D11: 5 | E11: 5 | F11: 4 | G11: =IF(F11>=5, 0.25, 0) -> 0 | H11: =B11*0.2+C11*0.2+D11*0.1+E11*0.5 -> 4.9 | I11: =MAX(1, MIN(6, H11 + G11)) -> 4.9 | J11: =ROUND(2*I11,0)/2 -> 5
A12: Dan | B12: 3 | C12: 5.5 | D12: 6 | E12: 4.75 | F12: 5 | G12: =IF(F12>=5, 0.25, 0) -> 0.25 | H12: =B12*0.2+C12*0.2+D12*0.1+E12*0.5 -> 4.675 | I12: =MAX(1, MIN(6, H12 + G12)) -> 4.925 | J12: =ROUND(2*I12,0)/2 -> 5
A13: Rolf | B13: 4.25 | C13: 4 | D13: 6 | E13: 4 | F13: 5 | G13: =IF(F13>=5, 0.25, 0) -> 0.25 | H13: =B13*0.2+C13*0.2+D13*0.1+E13*0.5 -> 4.25 | I13: =MAX(1, MIN(6, H13 + G13)) -> 4.5 | J13: =ROUND(2*I13,0)/2 -> 4.5
A14: Charlie | B14: 4.25 | C14: 5 | D14: 6 | E14: 4.25 | F14: 5 | G14: =IF(F14>=5, 0.25, 0) -> 0.25 | H14: =B14*0.2+C14*0.2+D14*0.1+E14*0.5 -> 4.575 | I14: =MAX(1, MIN(6, H14 + G14)) -> 4.825 | J14: =ROUND(2*I14,0)/2 -> 5
A15: Average | B15: =AVERAGE(B10:B14) -> 4.56 | C15: =AVERAGE(C10:C14) -> 4.79 | D15: =AVERAGE(D10:D14) -> 5.8 | E15: =AVERAGE(E10:E14) -> 4.5 | F15: =AVERAGE(F10:F14) -> 4.8 | G15: =IF(F15>=5, 0.25, 0) -> 0 | H15: =B15*0.2+C15*0.2+D15*0.1+E15*0.5 -> 4.7 | I15: =MAX(1, MIN(6, H15 + G15)) -> 4.7 | J15: =ROUND(2*I15,0)/2 -> 4.5
A17: Mathematics | B17: 2026
A18: Student | B18: Midterm | C18: Endterm | D18: Project | E18: Final Exam | F18: solved HW’s | G18: Bonus | H18: Weighted Average | I18: Grade | J18: Rounded
A19: Eve | B19: 6 | C19: 5.25 | D19: 6 | E19: 4.5 | F19: 5 | G19: =IF(F19>=5, 0.25, 0) -> 0.25 | H19: =B19*0.2+C19*0.2+D19*0.1+E19*0.5 -> 5.1 | I19: =MAX(1, MIN(6, H19 + G19)) -> 5.35 | J19: =ROUND(2*I19,0)/2 -> 5.5
A20: Oscar | B20: 5.5 | C20: 5 | D20: 5 | E20: 5.5 | F20: 5 | G20: =IF(F20>=5, 0.25, 0) -> 0.25 | H20: =B20*0.2+C20*0.2+D20*0.1+E20*0.5 -> 5.35 | I20: =MAX(1, MIN(6, H20 + G20)) -> 5.6 | J20: =ROUND(2*I20,0)/2 -> 5.5
A21: Zoe | B21: 4 | C21: 4.75 | D21: 5.5 | E21: 4 | F21: 4 | G21: =IF(F21>=5, 0.25, 0) -> 0 | H21: =B21*0.2+C21*0.2+D21*0.1+E21*0.5 -> 4.3 | I21: =MAX(1, MIN(6, H21 + G21)) -> 4.3 | J21: =ROUND(2*I21,0)/2 -> 4.5
A22: Mallory | B22: 5.5 | C22: 4.5 | D22: 5 | E22: 3 | F22: 2 | G22: =IF(F22>=5, 0.25, 0) -> 0 | H22: =B22*0.2+C22*0.2+D22*0.1+E22*0.5 -> 4 | I22: =MAX(1, MIN(6, H22 + G22)) -> 4 | J22: =ROUND(2*I22,0)/2 -> 4
A23: Grace | B23: 4.25 | C23: 5 | D23: 6 | E23: 4.25 | F23: 5 | G23: =IF(F23>=5, 0.25, 0) -> 0.25 | H23: =B23*0.2+C23*0.2+D23*0.1+E23*0.5 -> 4.575 | I23: =MAX(1, MIN(6, H23 + G23)) -> 4.825 | J23: =ROUND(2*I23,0)/2 -> 5
A24: Average | B24: =AVERAGE(B19:B23) -> 5.05 | C24: =AVERAGE(C19:C23) -> 4.9 | D24: =AVERAGE(D19:D23) -> 5.5 | E24: =AVERAGE(E19:E23) -> 4.25 | F24: =AVERAGE(F19:F23) -> 4.2 | G24: =IF(F24>=5, 0.25, 0) -> 0 | H24: =B24*0.2+C24*0.2+D24*0.1+E24*0.5 -> 4.665 | I24: =MAX(1, MIN(6, H24 + G24)) -> 4.665 | J24: =ROUND(2*I24,0)/2 -> 4.5

Sheet grades-physics
A1: Physics | B1: 2023 | F1: Physics | G1: 2024 | K1: Physics | L1: 2025
A2: Student | B2: Exam | C2: Homeworks | D2: Grade | F2: Student | G2: Exam | H2: Homeworks | I2: Grade | K2: Student | L2: Exam | M2: Homeworks | N2: Grade
A3: Charlie | B3: 5 | C3: 5.5 | D3: =AVERAGE(B3:C3) -> 5.25 | F3: Alice | G3: 4.5 | H3: 6 | I3: =AVERAGE(G3:H3) -> 5.25 | K3: Eve | L3: 4.25 | M3: 5 | N3: =AVERAGE(L3:M3) -> 4.625
A4: Bob | B4: 4.25 | C4: 4.5 | D4: =AVERAGE(B4:C4) -> 4.375 | F4: Carol | G4: 5 | H4: 5 | I4: =AVERAGE(G4:H4) -> 5 | K4: Oscar | L4: 4.4 | M4: 6 | N4: =AVERAGE(L4:M4) -> 5.2
A5: Alice | B5: 4.75 | C5: 5.25 | D5: =AVERAGE(B5:C5) -> 5 | F5: Dan | G5: 4.6 | H5: 4.75 | I5: =AVERAGE(G5:H5) -> 4.675 | K5: Zoe | L5: 4.7 | M5: 5 | N5: =AVERAGE(L5:M5) -> 4.85
A6: Average | B6: =AVERAGE(B3:B5) -> 4.6666667 | C6: =AVERAGE(C3:C5) -> 5.0833333 | D6: =AVERAGE(B6:C6) -> 4.875 | F6: Rolf | G6: 5.25 | H6: 5.5 | I6: =AVERAGE(G6:H6) -> 5.375 | K6: Mallory | L6: 5 | M6: 4.5 | N6: =AVERAGE(L6:M6) -> 4.75
F7: Charlie | G7: 5.4 | H7: 5 | I7: =AVERAGE(G7:H7) -> 5.2 | K7: Grace | L7: 3.75 | M7: 4.25 | N7: =AVERAGE(L7:M7) -> 4
F8: Average | G8: =AVERAGE(G5:G7) -> 5.0833333 | H8: =AVERAGE(H5:H7) -> 5.0833333 | I8: =AVERAGE(I5:I7) -> 5.0833333 | K8: Average | L8: =AVERAGE(L5:L7) -> 4.4833333 | M8: =AVERAGE(M5:M7) -> 4.5833333 | N8: =AVERAGE(N5:N7) -> 4.5333333
